Avg Comedy Revenue,Avg Romane Runtime,Avg Others Popularity
12660997.5757093,102.25627319970305,2.7675434381497515